Nome;Razão Social;CNPJ;CPF;ID Estrangeiro;DataCriacao;Observações;Status;Código;Inscrição Estadual;Email principal;Telefone principal;Data fundação/Aniversário;CEP;Estado;Cidade;Endereço;Número;Bairro;Complemento;Nome Contato;E-mail Contato
"AB CORTE REAL";"A. B. CORTE REAL & CIA. LTDA.";10.827.681/0001-10;;;19/11/2024;"";ativado;"";;"diretoria@abcortereal.com.br";(81) 3421-5422;01/03/1956;50100-070;PE;Recife;"MAJOR CODECEIRA";107;SANTO AMARO;"";"";""
"AGENCIA M2BR";"GRUPO M2BR - MARKETING E MIDIA LTDA";03.501.752/0001-24;;;16/11/2021;"";ativado;"";;"FINANCEIRO@M2BR.COM";(21) 2223-2400;25/10/1999;22220-080;RJ;Rio de Janeiro;"BARAO DO FLAMENGO";32;FLAMENGO;"301";"Artur da Rocha Oliveira";"artur@m2br.com"
"ALBERES GOMES";"";;044.886.214-06;;11/07/2024;"";ativado;"";;"";(81) 9999-9999;;55120-000;PE;Riacho das Almas;"Rua Vila de Pinhoes";136;Distrito Vila de Pinhões;"";"";""
"ARMACAO RESORT LTDA";"ARMACAO RESORT LTDA";06.928.712/0001-51;;;12/02/2025;"";ativado;"";;"FINANCEIRO@ARMACAORESORT.COM";(81) 2126-2150;09/08/2004;55590-000;PE;Ipojuca;"PROJETADA";S/N;LOT. MEREPE II;"LOT. MODIFICACAO DO       LOT. MEREPE II      QUADRAG1/G2 AREA 2A1";"";"ramazzine@redmedia.com.br"
"ASA";"ASA INDUSTRIA E COMERCIO LTDA";01.551.272/0001-42;;;19/08/2021;"";ativado;"";022905707;"rita@aporte.biz";(81) 3073-5000;26/11/1996;50770-000;PE;Recife;"DA PAZ";82;AFOGADOS;"";"rita";"rita@aporte.biz"
"ASAAS";"ASAAS GESTAO FINANCEIRA INSTITUICAO DE PAGAMENTO S.A.";19.540.550/0001-21;;;28/03/2024;"";ativado;"";;"FINANCEIRO@ASAAS.COM.BR";(11) 3230-0606;17/01/2014;89223-005;SC;Joinville;"ROLF WIEST";277;BOM RETIRO;"EDIF  COMERCIAL A.P.GARTENSALA  814";"";""
"Auto Oriente Caruaru";"AUTO ORIENTE COMERCIO AUTOMOTIVO LTDA";14.989.426/0003-96;;;24/02/2022;"";ativado;"";76190650;"CORRETORAGUARARAPES@GMAIL.COM";(81) 3461-2862;07/03/2018;55014-545;PE;Caruaru;"DOS ESTADOS";55;NOVA CARUARU;"LOJA";"karina lucena";"karina.lucena@autoorientenissan.com.br"
"AVENTURINHA";"AVENTURA TEATROS LTDA";13.310.565/0001-17;;;20/04/2026;"";ativado;"";;"CONTASAPAGAR@AVENTURATEATROS.COM.BR";(21) 2516-5351;25/02/2011;20031-903;RJ;Rio de Janeiro;"MEXICO";00011;CENTRO;"APT 701";"";""
"AVESSO";"CORREA & CORREA COMUNICACAO LTDA.";07.852.946/0001-25;;;26/01/2022;"";ativado;"";;"nathalia@avessocomunicacao.com.br";(81) 8639-2240;10/02/2006;51110-160;PE;Recife;"REPUBLICA DO LIBANO";251;PINA;"TORRE A SALA 2001 E 2002";"Nathalia";"nathalia@avessocomunicacao.com.br"
"Ayumi Supermercados Ltda";"AYUMI SUPERMERCADOS LTDA";67.616.128/0013-99;;;02/03/2023;"";ativado;"";;"EDUARDO@AYUMI.COM.BR";(11) 5666-0460;07/11/2022;04696-005;SP;São Paulo;"DAS NACOES UNIDAS";22833;JURUBATUBA;"CONJ  101                 SALA  1";"Luiz Takenori Shimoshio";"luiz@ayumi.com.br"
"Bet da sorte";"PONTO P - TECNOLOGIA E PAGAMENTOS LTDA";47.732.838/0001-33;;;06/01/2023;"";ativado;"";106067770;"DIRETORIACONTABIL@GRUPOPASCHOAL.COM.BR";(81) 3081-7967;26/08/2022;53140-080;PE;Olinda;"FAGUNDES VARELA";00950;JARDIM ATLANTICO;"LJ 15 CXPST 747";"";""
"BETDOPAI";"NJ TC SERVICOS LTDA";38.352.650/0001-79;;;10/11/2022;"";ativado;"";;"jc@betdopai.com";(81) 9868-0591;04/09/2020;50010-360;PE;Recife;"DANTAS BARRETO";564;SANTO ANTONIO;"SALA 0506";"";""
"BETS88";"LA Divulgações LTDA";35.606.549/0001-09;;;11/07/2022;"";ativado;"";;"bets88financeiro@gmail.com";(85) 98178-8088;25/04/2018;59920-000;RN;São Miguel;"Rua Deputado Hesíquio Fernandes";77;Centro;"";"";""
"BETXGOL";"BETXGOOL EVENTOS LTDA";44.585.806/0001-64;;;19/08/2022;"";ativado;"";13683900;"FISCAL.BETXGOLLEVENTOS@GMAIL.COM";(17) 9711-3380;14/12/2021;15500-004;SP;Votuporanga;"AMAZONAS";3300;PATRIMONIO NOVO;"SALA  125";"";""
"BETZILLA";"BZ ENTERTAINMENT LTDA";50.103.401/0001-45;;;21/07/2023;"";ativado;"";;"CONTATO@ALETHEIACONTABIL.COM.BR";(85) 2181-0097;28/03/2023;60120-375;CE;Fortaleza;"BARAO DE STUDART";2441;DIONISIO TORRES;"304";"";""
"BG9";"BCO PROPAGANDA LTDA";05.249.239/0001-13;;;18/02/2021;"";ativado;"";;"dalton.braz@bg9.com.br";(81) 3224-5709;31/07/2002;52060-440;PE;Recife;"RUA AMARAJI";160;SANTANA;"";"dalton braz";"dalton.braz@bg9.com.br"
"BLUE EDUCAÇAO";"CENTRO EDUCACIONAL AGUAS CLARAS DF LTDA";19.867.123/0001-52;;;23/09/2022;"";ativado;"";07674421001;"DIRECAO@OBJETIVOMASTER.COM.BR";(61) 3797-1100;13/02/2014;71917-180;DF;Brasília;"RUA 25 NORTE";LOTE 3;NORTE (AGUAS CLARAS);"";"maria frazao";"maria.frazao@blueducacao.com.br"
"BRUXO10.BET";"MKT SPORTS AND GAMES PUBLICIDADE E PRODUCOES S.A.";50.880.902/0001-38;;;06/06/2024;"";ativado;"";;"CCAMBOA@HOTMAIL.COM";(81) 9999-9999;30/05/2023;51110-130;PE;Recife;"HERCULANO BANDEIRA";383;PINA;"CXPST 191";"";""
"CAAPE";"CAIXA DE ASSISTENCIA DOS ADVOGADOS DE PERNAMBUCO";09.055.377/0001-12;;;11/08/2022;"";ativado;"";;"financeiro@caape.org.br";(81) 3223-0902;13/03/1985;50010-240;PE;Recife;"IMPERADOR DOM PEDRO II";346;SANTO ANTONIO;"ANDAR 2";"";""
"CAMARA MUNICIPAL DO RECIFE";"RECIFE CAMARA MUNICIPAL";08.903.189/0001-34;;;03/12/2025;"";ativado;"";;"";;31/05/1984;50050-450;PE;Recife;"PRINCEZA IZABEL";410;BOA VISTA;"";"";""
"CESAR SCHOOL";"CESAR CENTRO DE ESTUDOS E SISTEMAS AVANCADOS DO RECIFE";01.203.327/0001-23;;;06/05/2025;"";ativado;"";;"";;20/05/1996;50030-390;PE;Recife;"BIONE";220;BAIRRO DO RECIFE;"";"";""
"CHESF";"COMPANHIA HIDRO ELETRICA DO SAO FRANCISCO";33.541.368/0001-16;;;28/03/2023;"";ativado;"";000558400;"moisescd@chesf.gov.br";(81) 3229-2330;26/07/1967;50761-901;PE;Recife;"DELMIRO GOUVEIA";333;SAN MARTIN;"EDIF  ANDRE FALCAO";"";""
"CODEMGE";"COMPANHIA DE DESENVOLVIMENTO DE MINAS GERAIS - CODEMGE";29.768.219/0001-17;;;22/05/2025;"";ativado;"";;"CONTABIL.FISCAL@CODEMGE.COM.BR";(31) 3916-8100;23/02/2018;31630-901;MG;Belo Horizonte;"PAPA JOAO PAULO II";4001;SERRA VERDE;"EDIF  GERAIS              ANDAR 6                   SETOR LADO IMPAR";"";""
"COLEGIO GGE";"GRUPO GENESE DE ENSINO LTDA.";01.934.404/0001-15;;;29/03/2023;"";ativado;"";;"gerentefinanceiro@ggeweb.com.br";(81) 4009-2599;21/05/1997;51150-430;PE;Recife;"JOSE DA SILVA LUCENA";20;IMBIRIBEIRA;"";"";""
"COMMUNICATION INTELLIGENCE";"CI CONSULTORIA, ANALISES E SERVICOS DE COMUNICACAO LTDA";07.564.465/0001-14;;;16/06/2023;"";ativado;"";07469677001;"";(61) 3322-8889;02/08/2005;71660-800;DF;Brasília;"SHIS QI 23 COMERCIAL LOCAL BLOCO A";SN;LAGO SUL;"SALA  201";"";""
"Condominio Plaza";"CONDOMINIO PLAZA SHOPPING CASA FORTE";03.841.406/0001-95;;;18/11/2022;"";ativado;"";;"ramazzine@redmedia.com.br";(81) 3265-8103;29/05/2000;52060-615;PE;Recife;"DR. JOAO SANTOS FILHO";255;PARNAMIRIM;"";"";""
"CONSTRUTORA FAMA";"CONSTRUTORA FAMA LTDA";10.691.061/0001-04;;;05/08/2021;"";ativado;"";;"BRENO@CONSTRUTORAFAMA.COM.BR";(81) 3471-8288;11/09/1986;51160-280;PE;Recife;"GENERAL MAC ARTHUR";418;BOA VIAGEM;"SALA 404";"BRENO DURAES BEZERRA";"BRENO@CONSTRUTORAFAMA.COM.BR"
"CONTROL F5";"CONTROL F5 TECNOLOGIA DA INFORMACAO LTDA.";30.301.106/0001-96;;;23/06/2022;"";ativado;"";;"CONTATO@CONTROLF5.COM.BR";(11) 2675-0725;25/04/2018;03371-000;SP;São Paulo;"MONTEMAGNO";255;VILA FORMOSA;"3 SALA  26";"andre vinicius de alencar alvez";"andre.alves@controlf5.com.br"
"CREMEPE";"CONSELHO REGIONAL DE MEDICINA DO ESTADO DE PERNAMBUCO";09.790.999/0001-94;;;25/08/2025;"";ativado;"";;"cremepe@cremepe.gov.br";(81) 3241-5744;15/12/1971;52020-035;PE;Recife;"CONSELHEIRO PORTELA";203;ESPINHEIRO;"";"";""
"DETRAN";"DEPARTAMENTO ESTADUAL DE TRANSITO DE PERNAMBUCO";09.753.781/0001-60;;;03/06/2021;"";ativado;"";;"vanessa@dois.ag";(81) 99999-9999;13/05/1971;50690-000;PE;Recife;"DO BARBALHO";889;IPUTINGA;"";"";""
"DFT supplements";"";;096.334.664-40;;01/04/2025;"";ativado;"";;"";;;;;;"";;;"";"";""
"DISTAC";"DISTRIBUIDORA ADAUTO CARVALHO LTDA";08.072.649/0007-15;;;30/03/2021;"";ativado;"";88328899;"adrielly.nascimento@tupan.com.br";(81) 99741-0807;28/11/2018;50750-360;PE;Recife;"DOS REMEDIOS";1462;AFOGADOS;"ANEXO";"DEYSE FREIRE";"deyse.freire@tupan.com.br"
"DUE BROKERS";"GS CONSULTORIA IMOBILIARIA LTDA";26.827.706/0001-15;;;26/09/2022;"";ativado;"";;"juliane@duebrokers.com.br";(81) 3019-3333;24/08/2017;50070-225;PE;Recife;"Avenida Lins Petit";1243;Paissandu;"SALA 0503 EMP BOA VISTA CENTER";"Alana";"alananakamura@nogueiracorretores.com.br"
"ECO RESORT PRAIA DOS CARNEIROS";"CONDOMINIO ECO RESORT PRAIA DOS CARNEIROS";25.370.542/0001-87;;;23/12/2021;"";ativado;"";;"TYANA.MIRANDA@CONSTRUTORACONIC.COM.BR";(81) 2119-6666;20/07/2016;55578-000;PE;Tamandaré;"SAO BENEDITO";SN;PRAIA DOS CARNEIROS;"LOTE  05";"thiago falcao";"thiago.falcao@ecoresortpraiadoscarneiros.com.br"
"EDUCBANK";"EDUCBANK PAGAMENTOS EDUCACIONAIS S.A.";37.315.476/0001-21;;;06/11/2024;"";ativado;"";;"CAIO.NORONHA@EDUCBANK.COM.BR";(11) 7666-9352;03/06/2020;04538-000;SP;São Paulo;"PROF ATILIO INNOCENTI";165;VILA NOVA CONCEICAO;"ANDAR 3                   SALA  109";"";""
"Esporte da sorte";"ESPORTES GAMING BRASIL LTDA";56.075.466/0001-00;;;30/11/2022;"";ativado;"";;"contatopedrolsalbuquerque@gmail.com";(81) 9604-6035;09/05/2022;50030-260;PE;Recife;"DO BRUM";248;RECIFE;"LOJA 1 EDF                EXECUTIVO HUB             PLURAL CXPST 106";"";""
"ESPORTE DA SORTE 2";"PAGFAST EFX FACILITADORA DE PAGAMENTOS S.A.";46.261.360/0001-48;;;13/02/2025;"";ativado;"";;"LEGAL@PAGFAST.COM";(83) 2153-7793;04/05/2022;58408-027;PB;Campina Grande;"JOSE BERNARDINO";97;VILA CABRAL;"SALA  604";"";"ramazzine@redmedia.com.br"
"EUROFARMA LABORATORIOS S.A.";"EUROFARMA LABORATORIOS S.A.";61.190.096/0018-30;;;22/11/2023;"";ativado;"";;"PLANEJAMENTO.TRIBUTARIO@EUROFARMA.COM.BR";(11) 5090-8423;06/09/2019;04581-060;SP;São Paulo;"PASCOAL PAIS";525;VILA CORDEIRO;"ANDAR 2 17 18 E 19";"";""
"EVOKE";"EVOKE EMPREENDIMENTO IMOBILIARIO LTDA";13.536.080/0001-46;;;08/03/2024;"";ativado;"";;"ALUIZIO@OR.COM.BR";(11) 3465-9000;19/04/2011;54522-005;PE;Cabo de Santo Agostinho;"Avenida A";4.165;Paiva;"EDIF  NOVO MUNDO EMPLOJA  26QUADRAFLOTE  4 A2";"";""
"EXCELSIOR DE SEGUROS";"COMPANHIA EXCELSIOR DE SEGUROS";33.054.826/0001-92;;;26/01/2024;"";ativado;"";;"GINO@EXCELSIORSEGUROS.COM.BR";(81) 3087-9200;08/08/1966;50030-000;PE;Recife;"MARQUES DE OLINDA";175;RECIFE;"";"";""
"EXTRABOM SUPERMERCADOS";"REALMAR DISTRIBUIDORA LTDA.";03.845.717/0021-76;;;01/04/2025;"";ativado;"";;"CONTABILIDADE@EXTRABOM.COM.BR";(27) 3298-2764;01/11/2005;29168-013;ES;Serra;"MARIO DE VARGAS COUTINHO";725;CIVIT I;"1 E 2 PAVIMENTOS";"";""
"F5 Consultoria em Tecnologia LTDA";"F5 Consultoria em Tecnologia LTDA";32.478.955/0001-45;;;19/04/2021;"";ativado;"";;"financeiro@f5.com.br";(81) 3216-6750;17/01/2019;50030-030;PE;Recife;"Alfandega";35;Recife;"LJ 0401 Shopping Paço Alfandega";"";""
"Facilit Tecnologia";"FACILIT TECNOLOGIA LTDA";00.191.027/0001-09;;;12/04/2021;"";ativado;"";;"manoel@facilit.com.br";(81) 99111-9991;14/09/1994;50030-200;PE;Recife;"DOMINGOS JOSE MARTINS";75;RECIFE;"ANDAR 5  SALA  502";"edileusa";"edileusa@facilit.com.br"
"Faculdade Santa Helena";"ASSOCIACAO SECULO XXI DE EDUCACAO CIENCIA E CULTURA";02.417.543/0001-34;;;04/03/2021;"";ativado;"";;"marcelo.pimentel@fsh.edu.br";(81) 99900-0175;06/03/1998;50711-105;PE;Recife;"AVENIDA CAXANGÁ";990;ZUMBI;"";"Marcelo Gustavo Cordeiro Pimentel";"marcelo.pimentel@fsh.edu.br"
"FIORI JEEP AFOGADOS";"FIORI VEICOLO S.A";35.715.234/0018-48;;;16/08/2021;"";ativado;"";58978232;"CYBELLE@PARVI.COM.BR";(81) 98712-5819;26/08/2014;50750-360;PE;Recife;"Estrada dos Remédios";1397;Afogados;"nd";"isabely";"ISABELY.CRISTINY@MADEINPARVI.COM.BR"
"FIORI JEEP AGAMENOM";"FIORI VEICOLO S.A";35.715.234/0023-05;;;20/10/2021;"";ativado;"";;"aiana.barbosa@nomade.nu";(81) 3229-6581;04/02/2015;52020-000;PE;Recife;"GOVERNADOR AGAMENON MAGALHAES";2939;ESPINHEIRO;"LOJA001,EDIF:BUSINESS CENTER";"Tainielle lira";"tanielle.lira@nomade.nu"
"FIORI JEEP BOA VISTA";"FIORI VEICOLO S.A";35.715.234/0025-77;;;16/08/2021;"";ativado;"";240292895;"CONTADEZ@CONTADEZRR.COM.BR";(95) 3621-4079;27/11/2015;69306-405;RR;Boa Vista;"VILLE ROY";4172;NOSSA SENHORA APARECIDA;"";"";""
"FIORI JEEP CAMPINA GRANDE";"FIORI VEICOLO S.A";35.715.234/0022-24;;;16/08/2021;"";ativado;"";161446086;"romulo.pontes@parvi.com.br";(81) 3229-6581;29/01/2015;58407-475;PB;Campina Grande;"PREFEITO SEVERINO BEZERRA CABRAL";669;JOSE PINHEIRO;"";"";""
"FIORI JEEP FEIRA DE SANTANA";"FIORI VEICOLO S.A";35.715.234/0024-96;;;16/08/2021;"";ativado;"";122661921;"ROMULO.PONTES@PARVI.COM.BR";(81) 3134-6321;11/02/2015;44078-015;BA;Feira de Santana;"EDUARDO FROES DA MOTA";2697;SANTA MONICA;"PARTE A";"";""
"FIORI JEEP IMPERATRIZ";"FIORI VEICOLO S.A";35.715.234/0028-10;;;16/08/2021;"";ativado;"";126456500;"ROMULO.PONTES@PARVI.COM.BR";(81) 3134-6321;29/05/2020;65908-110;MA;Imperatriz;"BR-010";S/N;VILA SANTA LUZIA;"KM1352";"";""
"FIORI JEEP MANAUS";"FIORI VEICOLO S.A";35.715.234/0019-29;;;16/08/2021;"";ativado;"";53605080;"romulo.pontes@parvi.com.br";(81) 3229-6581;08/09/2014;69050-001;AM;Manaus;"CONSTANTINO NERY";2075;SAO GERALDO;"BLOCO A";"";""
"FIORI JEEP MARABÁ";"FIORI VEICOLO S.A";35.715.234/0027-39;;;16/08/2021;"";ativado;"";156963124;"ROMULO.PONTES@PARVI.COM.BR";(81) 3134-6321;29/05/2020;68507-600;PA;Marabá;"OITO";S/N;NOVA MARABA;"";"";""
"FIORI JEEP PARALELA SALVADOR";"FIORI VEICOLO S.A";35.715.234/0020-62;;;16/08/2021;"";ativado;"";17289700787;"ROMULO.PONTES@PARVI.COM.BR";(81) 3134-6321;13/10/2014;41745-130;BA;Salvador;"LUIS VIANA";6817;TROBOGY;": LADO B;";"isabelly";"ISABELY.CRISTINY@MADEINPARVI.COM.BR"
"FRANCISCO TADEU BARBOSA DE ALENCAR";"FRANCISCO TADEU BARBOSA DE ALENCAR";47.508.615/0001-97;;;16/08/2022;"";ativado;"";;"imprensatadeualencar@gmail.com";(81) 99172-4344;;52060-470;PE;Recife;"Rua Astério Rufino Alves";62;Santana;"1001";"";""
"GBA ADMINISTRADORA DE HOTEL";"GBA ADMINISTRADORA DE HOTEL LTDA";11.139.332/0001-78;;;16/04/2024;"";ativado;"";900875372;"MARCELO@SHOPPINGCONTABIL.COM.BR";(82) 3311-7371;14/09/2009;57039-600;AL;Maceió;"GUNTHER FRANS OLIVEIRA";10201;PESCARIA;"SALA  W-10";"BERNANRDO MALTA DE AMORIM";"diretoria@pratagy.com.br"
"GB CARAPUCEIRO EMPREENDIMENTOS IMOBILIARIOS SA";"GB CARAPUCEIRO EMPREENDIMENTOS IMOBILIARIOS SA";45.858.281/0001-56;;;23/12/2024;"";ativado;"";;"CONTABILIDADE@GABRIELBACELAR.COM.BR";(81) 3366-3080;31/03/2022;51111-020;PE;Recife;"ENGENHEIRO DOMINGOS FERREIRA";1097;BOA VIAGEM;"SALA 1001 EDF             GABRIEL BACELAR           CORPORATE";"";""
"GB COUTINHO EMPREENDIMENTOS IMOBILIARIOS LTDA";"GB COUTINHO EMPREENDIMENTOS IMOBILIARIOS LTDA";49.475.686/0001-66;;;12/12/2024;"";ativado;"";;"CONTABILIDADE@GABRIELBACELAR.COM.BR";(81) 3366-3080;06/02/2023;51111-020;PE;Recife;"ENGENHEIRO DOMINGOS FERREIRA";1097;BOA VIAGEM;"SALA 1001 EDF             GABRIEL BACELAR           CORPORATE";"";""
"GB ICON EMPREENDIMENTOS IMOBILIARIOS LTDA";"GB ICON EMPREENDIMENTOS IMOBILIARIOS LTDA";42.064.700/0001-90;;;26/11/2021;"";ativado;"";;"CONTABILIDADE@GABRIELBACELAR.COM.BR";(81) 3366-3080;24/05/2021;51111-020;PE;Recife;"ENGENHEIRO DOMINGOS FERREIRA";1097;BOA VIAGEM;"SALA 1001";"joana";"joana@gabrielbacelar.com.br"
"GB OSCAR EMPREENDIMENTOS IMOBILIARIOS LTDA";"GB OSCAR EMPREENDIMENTOS IMOBILIARIOS LTDA";49.451.521/0001-54;;;09/05/2024;"";ativado;"";;"CONTABILIDADE@GABRIELBACELAR.COM.BR";(81) 3366-3080;02/02/2023;51111-020;PE;Recife;"ENGENHEIRO DOMINGOS FERREIRA";1097;BOA VIAGEM;"SALA 1001 EDF             GABRIEL BACELAR           CORPORATE";"";""
"GB VILACA EMPREENDIMENTOS IMOBILIARIOS SPE LTDA";"GB VILACA EMPREENDIMENTOS IMOBILIARIOS SPE LTDA";42.112.467/0001-73;;;11/05/2022;"";ativado;"";;"CONTABILIDADE@GABRIELBACELAR.COM.BR";(81) 3366-3080;27/05/2021;51111-020;PE;Recife;"ENGENHEIRO DOMINGOS FERREIRA";1097;BOA VIAGEM;"SALA 1001 GB";"";""
"GGE JOÃO PESSOA";"GRUPO GENESE DE ENSINO LTDA.";01.934.404/0009-72;;;27/09/2022;"";ativado;"";;"JORGELINDO@GGEWEB.COM.BR";(81) 4009-2599;27/01/2022;58032-083;PB;João Pessoa;"ORLANDO SOARES DE OLIVEIRA";36;MIRAMAR;"";"financeiro@mv2online.com.br";""
"GIGA ATACADO";"CENCOSUD BRASIL ATACADO LTDA.";09.182.947/0019-64;;;27/06/2024;"";ativado;"";;"CADASTRO.FILIAIS@CENCOSUD.COM.BR";(11) 4377-9400;28/09/2022;02701-000;SP;São Paulo;"OTAVIANO ALVES DE LIMA";2758;JARDIM DAS GRACAS;"ANEXO PISO INTERMEDIARIO";"";""
"GLOBALSTAR DO BRASIL LTDA";"GLOBALSTAR DO BRASIL LTDA";02.231.030/0001-34;;;07/04/2022;"";ativado;"";;"TRIBUTOS@GLOBALSTAR.COM.BR";(21) 9827-6302;04/11/1997;20011-000;RJ;Rio de Janeiro;"DA ASSEMBLEIA";10;CENTRO;"SALA  2012";"FINANCEIRO";"renata.camera@globalstar.com.br"
"GOEXPLOSION";"GOEXPLOSION LTDA";51.379.390/0001-93;;;22/01/2024;"";ativado;"";;"JURIDICO@WISEACCOUNTING.COM.BR";(11) 1318-1022;11/07/2023;06455-010;SP;Barueri;"JURUA";447;ALPHAVILLE CENTRO INDUSTRIAL E EMPRESARIAL/ALPHAV;"";"";""
"GRUPO OCTOR";"OCTOR AGENCIAS DE PUBLICIDADE LTDA";57.419.064/0001-49;;;14/08/2025;"";ativado;"";;"LUENA@GRUPOOCTOR.COM.BR";(81) 3204-8486;24/09/2024;53130-410;PE;Olinda;"DR JOSE AUGUSTO MOREIRA";900;CASA CAIADA;"SL 1905 CXPST 427";"";""
"Habibs";"";;;;18/11/2025;"";ativado;"";;"";;;;;;"";;;"";"";""
"HELIOMAX";"DIVCOM S/A";03.755.215/0005-34;;;02/04/2024;"";ativado;"";;"FISCALBARRA@FQM.COM.BR";(21) 2122-6164;13/09/2017;58411-020;PB;Campina Grande;"SENADOR ARGEMIRO DE FIGUEIREDO";2113;ITARARE;"GALPAO3 4 5 6 7 8 9 10 11 GALPAO12 13 14";"";"FISCALBARRA@FQM.COM.BR"
"HI";"CENTRO DE ESTÉTICA E FISIOTERAPIA INOVAÇÃO LTDA - HI ENCRUZILHADA";29.815.512/0001-98;;;29/05/2025;"";ativado;"";;"CONTASAPAGAR@HIACADEMIA.COM.BR";(81) 5555-5555;20/09/2018;52030-280;PE;Recife;"Estrada de Belém";600;Encruzilhada;"EDIF ESPECIAL 0000";"";"CONTASAPAGAR@HIACADEMIA.COM.BR"
"HOTEL KEMBALI LTDA";"HOTEL KEMBALI LTDA";04.635.974/0001-00;;;12/02/2025;"";ativado;"";;"FINANCEIRO@KEMBALIHOTEL.COM";(81) 2126-2150;17/08/2001;55590-000;PE;Ipojuca;"MEREPE II";S/N;PORTO DE GALINHAS;"QUADRAJ                   LOTE  3-A";"";"ramazzine@redmedia.com.br"
"HOTEL TABAOBI";"RAZONI HOTEIS E TURISMO LTDA";10.912.186/0003-70;;;28/07/2021;"";ativado;"";61194255;"lina.moraes@grupoocapora.com.br";(81) 3552-5038;13/02/2015;55590-000;PE;Ipojuca;"03";SN;PORTO DE GALINHAS;"LOTE: 2;";"luana santos";"luana.santos@grupoocapora.com.br"
"INDUSTRIAS BECKER LTDA";"INDUSTRIAS BECKER LTDA";02.216.104/0001-63;;;16/06/2022;"";ativado;"";;"nathalia@avessocomunicacao.com.br";(81) 99999-9999;21/10/1997;59162-000;RN;São José de Mipibu;"BR 101";S/N;CANADA;"KM 127";"";""
"INSIGHT FEIRAS & NEGOCIOS";"INSIGHT FEIRAS, EVENTOS, CONSULTORIA E NEGOCIOS LTDA";27.730.801/0001-69;;;06/01/2023;"";ativado;"";;"marketing@insightconecta.com.br";(81) 3049-2549;15/05/2017;51020-350;PE;Recife;"ANTONIO LUMACK DO MONTE";128;BOA VIAGEM;"SALA 0706 EDF EMP         CENTER III";"";""
"INSOLE";"INSOLE ENERGIA SOLAR S.A.";22.208.173/0001-32;;;23/06/2022;"";ativado;"";062202154;"INSOLE@INSOLE.COM.BR";(81) 3076-1423;08/04/2015;50030-110;PE;Recife;"MADRE DE DEUS";27;RECIFE;"ANDAR 0009";"";""
"IP MEDIA";"WINDSOR SOLUCOES EM SOFTWARE ONLINE LTDA.";23.055.639/0001-70;;;28/01/2026;"";ativado;"";;"PATRICIA@WINDSORONLINE.COM.BR";(11) 9039-7754;13/08/2015;01310-200;SP;São Paulo;"PAULISTA";1.636;BELA VISTA;"CONJ  706";"";""
"ITALIANA AUTOMOVEIS DO RECIFE LTDA";"ITALIANA AUTOMOVEIS DO RECIFE LTDA.";02.472.105/0010-60;;;26/12/2024;"";ativado;"";;"CONTABILIDADE@ITALIANA.COM.BR";(81) 3797-1204;12/11/2015;51110-000;PE;Recife;"ANTONIO DE GOES";869;PINA;"";"";""
"JBS MOTORS";"JBS MOTORS LTDA";11.727.955/0001-61;;;09/06/2025;"";ativado;"";;"INGRIDFINANCEIRO@JBSMOTORS.COM.BR";(81) 9984-7445;27/05/1981;51110-131;PE;Recife;"HERCULANO BANDEIRA";950;PINA;"960";"";""
"JEEP FIORI LAURO DE FREITAS";"FIORI VEICOLO S.A";35.715.234/0026-58;;;21/09/2021;"";ativado;"";;"ROMULO.PONTES@PARVI.COM.BR";(81) 3134-6321;15/02/2016;42700-130;BA;Lauro de Freitas;"Rua Rio das Graças";1387;Recreio Ipitanga;"";"";""
"KAIZEN INFORMATICA E SERVICOS - 8BET";"MAILSON GOMES FREITAS";28.933.151/0001-11;;;11/08/2022;"";ativado;"";;"";(88) 9264-5682;25/10/2017;62010-153;CE;Sobral;"CORONEL DIOGO GOMES";1320;CENTRO;"";"FINANCEIRO";"maisongfreitas@gmail.com"
"KARNE KEIJO";"KARNE KEIJO - LOGISTICA INTEGRADA LTDA - EM RECUPERACAO JUDICIAL";24.150.377/0001-95;;;12/04/2023;"";ativado;"";006682227;"KK@KK.COM.BR";(81) 2121-8802;05/01/1989;50900-400;PE;Recife;"BR-101 SUL";3700;BARRO;"";"";""
"KURIER";"KURIER TECNOLOGIA EM INFORMACAO LTDA.";10.951.376/0001-35;;;13/07/2023;"";ativado;"";;"CONTATO@KURIER.COM.BR";(81) 2101-3737;09/07/2009;50030-330;PE;Recife;"BARBOSA LIMA";149;RECIFE;"ANDAR 0005 SALA 410       E 411 501 508 509 A       513";"";""
"Lance Milionário";"Mandarrari Participacoes E Investimentos Ltda";41.188.444/0001-80;;;15/04/2021;"";ativado;"";;"contato@lancemilionario.com.br";(11) 95830-4262;12/03/2021;58036-570;PB;João Pessoa;"Rua Pastor Josebias Fialho Marinho";40;Aeroclube;"";"max";"max.goncalo@gmail.com"
"LIFE APARELHOS AUDITIVOS";"LIFE PERNAMBUCO APARELHOS AUDITIVOS LTDA";49.581.252/0001-40;;;05/07/2023;"";ativado;"";;"NATHALIA.LINSBARROS@GMAIL.COM";(81) 9665-0805;13/02/2023;51011-030;PE;Recife;"CONS AGUIAR";520;PINA;"";"";""
"LOGANMEDIA";"LOGANMEDIA BRASIL LOCACAO E SOFTWARE LTDA.";22.359.281/0001-06;;;24/11/2021;"";ativado;"";;"MAIA@ORMAA.COM.BR";(11) 3074-8708;30/04/2015;05416-000;SP;São Paulo;"FRADIQUE COUTINHO";212;PINHEIROS;"CONJ  65";"";""
"LOT BET";"OPIP - TECNOLOGIA E SERVICOS LTDA";48.078.260/0001-06;;;01/02/2023;"";ativado;"";;"QUIPOCONTABILIDADE@BOL.COM.BR";(85) 3879-3314;26/09/2022;60810-350;CE;Fortaleza;"WASHINGTON SOARES";1400;ENGENHEIRO LUCIANO CAVALCANTE;"SALA 709";"PAULO CESAR VARELA PLUTARCHO";"pauloplutarcho@gmail.com"
"Loteamento Novo Centro";"Novo Centro Empreendimentos SPE LTDA";23.559.663/0001-46;;;10/05/2021;"";ativado;"";;"diretoria@cbjceramica.com.br";(81) 99725-2400;28/10/2015;55825-000;PE;Paudalho;"Granja Bom Jesus";CP 95;Zona Rural;"Belem";"mario henrique";"diretoria@cbjceramica.com.br"
"MAPY SHOPPING";"PILAR DISTRIBUICAO, IMPORTACAO E EXPORTACAO  LTDA";28.028.141/0001-31;;;27/09/2022;"";ativado;"";;"PARALEGAL@FUNCIONAL.COM";(45) 3225-5342;23/06/2017;85980-000;PR;Guaíra;"Rua Avenida Principal";S/N;Centro;"";"";""
"MARI LOUCAS SANITARIAS";"M A DE MORAES ARTEFATOS CERAMICOS LTDA";11.878.198/0001-27;;;09/05/2023;"";ativado;"";39936805;"morais_alzenir@hotmail.com";(81) 3722-4700;15/04/2010;55130-000;PE;São Caitano;"BR 232 KM 140,6";SN;ZONA RURAL;"GALPAO C, D, E F";"";""
"MINHOTO";"INDUSTRIAS REUNIDAS RAYMUNDO DA FONTE SA";11.507.415/0001-72;;;26/02/2025;"";ativado;"";;"IRRF@RFONTE.COM.BR,  SOCIETARIO@RFONTE.COM.BR";(81) 3437-8200;29/08/1979;53403-810;PE;Paulista;"PE 15";S/N;VILA TORRES GALVAO;"KM 14";"";""
"MOTA MACHADO";"KIC - FORTALEZA SPE 3 CONSTRUCOES E INCORPORACOES LTDA.";39.535.694/0001-05;;;27/02/2023;"";ativado;"";;"MARKETING@motamachado.com.br";(85) 3208-1100;07/10/2020;60160-196;CE;Fortaleza;"DOM LUIS";880;ALDEOTA;"S 101";"";""
"MUNICIPIO DE BELO HORIZONTE";"MUNICIPIO DE BELO HORIZONTE";18.715.383/0001-40;;;20/08/2025;"";ativado;"";;"";;31/12/1974;30130-003;MG;Belo Horizonte;"AFONSO PENA";1212;CENTRO;"SALA 318";"";""
"MUNICIPIO DE DUQUE DE CAXIAS";"MUNICIPIO DE DUQUE DE CAXIAS";29.138.328/0001-50;;;03/03/2026;"";ativado;"";;"";;30/12/1974;25210-000;RJ;Duque de Caxias;"ESMERALDA";206;JARDIM PRIMAVERA;"";"";""
"Município do Recife";"Município do Recife";10.565.000/0001-92;;;07/04/2021;"";ativado;"";;"gabinetedoprefeito@gmail.com";(81) 99999-9999;26/12/1974;50030-230;PE;Recife;"Cais do Apolo";925;Centro;"Sec. Finanças 14 Andar";"";""
"NAGEM Distribuição";"CIL - COMERCIO DE INFORMATICA LTDA";24.073.694/0001-55;;;31/08/2021;"";ativado;"";014630559;"edgar.assis@nagem.com.br";(81) 2121-2000;16/08/1988;50950-170;PE;Recife;"JORNALISTA MURILO MARROQUIM";220;VARZEA;"";"camila melo";"camila.melo@nagem.com.br"
"Nagem Informática";"CIL - COMERCIO DE INFORMATICA LTDA";24.073.694/0005-89;;;19/04/2021;"";ativado;"";014630559;"edgar.assis@nagem.com.br";(81) 2121-2161;16/08/1988;60874-400;CE;Fortaleza;"Rua Valdir Dantas";900;Pedras;"13B";"";"ramazzine@redmedia.com.br"
"NO BORDER";"NOBORDER COMERCIO INTERNACIONAL LTDA";40.943.001/0001-94;;;03/02/2023;"";ativado;"";083741992;"MILTON.TFX@GMAIL.COM";(27) 3257-1472;22/02/2021;29670-000;ES;Ibiraçu;"JOAO ALVES DA MOTA JUNIOR";188;CENTRO;"SALA  301";"Milton Araujo Junior";"miltonjr2@gmail.com"
"Nomade comunicação LTDA";"3C CONSULTORIA EM GESTAO EMPRESARIAL EIRELI";40.583.993/0001-96;;;30/09/2021;"";ativado;"";;"ril.costa@nomade.nu";(81) 98878-3000;27/01/2021;51150-310;PE;Recife;"Rua Conde Pereira Carneiro";305;imbiribeira;"APTO 204 TORRE C EDF OCEANO PACIFICO";"";""
"OCTAGON LATAM";"ODDZ NETWORK LTDA.";09.262.440/0001-91;;;03/04/2023;"";ativado;"";;"JURIDICO@ODDZNETWORK.COM";(11) 3253-3222;10/12/2007;04547-005;SP;São Paulo;"GOMES DE CARVALHO";1510;VILA OLIMPIA;"CONJ  62";"";""
"OLINDA GABINETE DO PREFEITO";"MUNICIPIO DE OLINDA";10.404.184/0001-09;;;03/04/2023;"";ativado;"";;"cassia.financeirotrio@gmail.com";(81) 3429-6435;26/12/1974;53020-080;PE;Olinda;"SAO BENTO";123;VARADOURO;"";"";""
"ONZEX PRODUCOES";"ONZEX PRODUCOES E PROMOCOES DE ESPETACULOS ARTISTICOS LTDA";10.719.069/0001-23;;;18/06/2025;"";ativado;"";;"FISCAL@ONZEX.COM.BR";(81) 3129-9388;23/03/2009;53050-071;PE;Olinda;"CEL JOAO ALEXANDRE DE CARVALHO";441;JARDIM ATLANTICO;"";"";""
"OPERALOG HOLDING";"OPERALOG HOLDING LTDA";41.883.652/0001-07;;;23/11/2021;"";ativado;"";;"bruno.melo@operalog.com.br";(81) 9000-0000;10/05/2021;51030-300;PE;Recife;"BARAO DE SOUZA LEAO";425;BOA VIAGEM;"SALA 1007";"";""
"OR";"VERANO E PARADISO EMPREENDIMENTO IMOBILIARIO LTDA";10.203.034/0001-37;;;05/05/2023;"";ativado;"";;"PARALEGAL@OR.COM.BR";(11) 3465-7014;23/07/2008;54522-170;PE;Cabo de Santo Agostinho;"VITORIA REGIA";300;PAIVA;"";"";""
"OXEBET";"INOVAR PROMOCAO E SERVICOS DE APOIO ADMINISTRATIVO LTDA";39.228.966/0001-16;;;18/10/2022;"";ativado;"";;"nifarias83@hotmail.com";(87) 9604-7870;29/09/2020;55540-000;PE;Palmares;"DO JARDIM";23;CENTRO;"";"";""
"PALMEIRON ASA";"ASA INDUSTRIA E COMERCIO LTDA";01.551.272/0008-19;;;09/08/2021;"";ativado;"";028770072;"rita@aporte.biz";(81) 3073-5046;11/10/2002;55150-790;PE;Belo Jardim;"BR 232 KM 181";S/N;DISTRITO INDUSTRIAL;"";"rita@aporte.biz";""
"PIXTURBO";"PIXTURBO TECNOLOGIA EM NEGOCIAÇÕES DIGITAIS LTDA";46.440.050/0001-90;;;25/05/2022;"";ativado;"";;"andredourado@litigiob2b.com";(81) 9999-9999;;50040-030;PE;Recife;"Rua Rocha Pita";156;Santo Amaro;"";"André Dourado";"andre@pixturbo.com"
"Playhill Ltda";"Premium Publicidade e Marketing Ltda";54.664.802/0001-25;;;18/07/2025;"";ativado;"";;"FINANCEIRO@PREMIUMADS.COM.BR";(44) 3265-7124;20/04/2016;06460-040;SP;Barueri;"Avenida Marcos Penteado de Ulhôa Rodrigues";939;Tamboré;"andar 8 torre 1";"";""
"POLEN";"SETE VALES S.A.";37.040.738/0001-92;;;20/12/2021;"";ativado;"";;"SOBHAN@POLEN.ME";(21) 9575-1112;30/04/2020;80250-104;PR;Curitiba;"PASTEUR";463;AGUA VERDE;"CONJ  1401";"financeiro";"financeiro@polen.me"
"PORTO MONDEGO INCORPORACAO LTDA";"PORTO MONDEGO INCORPORACAO LTDA";25.161.767/0001-23;;;02/12/2021;"";ativado;"";;"EDUARDOLINS@PORTOMONDEGO.COM.BR";(81) 99648-5309;08/07/2016;52060-290;PE;Recife;"FLOR DE SANTANA";276;PARNAMIRIM;"A";"";""
"POUSADA TABAJUBA";"RAZONI HOTEIS E TURISMO LTDA";10.912.186/0001-09;;;28/07/2021;"";ativado;"";12465771;"lina.moraes@grupoocapora.com.br";(81) 3552-5038;26/08/1986;55590-000;PE;Ipojuca;"PAU BRASIL";SN;NOSSA SENHORA DO O - MEREPE;"LOTE  5 E 6";"luana santos";"luana.santos@grupoocapora.com.br"
"PREFEITURA DE MARAGOGI";"";;;;28/10/2021;"";ativado;"";;"";;;57955-000;AL;Maragogi;"Rua Luiz H. Cavalcante";14;Povoado São Bento;"";"";""
"PREFEITURA DE PORTO CALVO";"";;;;28/10/2021;"";ativado;"";;"";;;;;;"";;;"";"";""
"PREFEITURA DE PORTO DE PEDRA";"";;;;28/10/2021;"";ativado;"";;"";;;;;;"";;;"";"";""
"Ramazzine Mota";"";;063.059.164-46;;02/03/2021;"";ativado;"";;"";;;;;;"";;;"";"";""
"RDI QUINTA DAS ALAMEDAS INCORPORACAO IMOBILIARIA SPE S/A";"RDI QUINTA DAS ALAMEDAS INCORPORACAO IMOBILIARIA SPE S/A";32.373.083/0001-50;;;23/08/2021;"";ativado;"";;"mateus.leite@capiba.com.br";(81) 3224-5264;07/01/2019;51110-160;PE;Recife;"REPUBLICA DO LIBANO";251;PINA;"SALA 2206 TORRE A";"";""
"RD STATION";"";;;;01/09/2025;"";ativado;"";;"";;;;;;"";;;"";"";""
"Rehabilita";"REHABILITA SERVICO FONOAUDIOLOGICO LTDA";25.008.239/0001-39;;;25/04/2022;"";ativado;"";;"NATHALIA_LINS@REHABILITA.COM.BR";(11) 4003-8894;15/06/2016;52061-030;PE;Recife;"SILVEIRA LOBO";32;POCO;"CXPST 1220";"Nathalia Lins Lima de Barros";"nathalia_lins@rehabilita.com.br"
"RESERVA COMUNICACAO LTDA";"RESERVA COMUNICACAO LTDA";15.738.987/0001-13;;;21/12/2023;"";ativado;"";;"LUCIDIO@RESERVACOMUNICACAO.COM";(81) 8865-2020;19/06/2012;54410-010;PE;Jaboatão dos Guararapes;"BERNARDO VIEIRA DE MELO";1730;PIEDADE;"CS 001                    CAIXA POSTAL 388";"";""
"Ricardo Mota";"";;;;11/02/2025;"";ativado;"";;"";;;;;;"";;;"";"";""
"ROMERO ANTONIO RAPOSO SALES FILHO";"ELEICAO 2022 ROMERO ANTONIO RAPOSO SALES FILHO DEPUTADO ESTADUAL";47.463.991/0001-02;;;16/08/2022;"";ativado;"";;"michellesalescampanha@gmail.com";(81) 99782-4676;;51160-035;PE;Recife;"Rua Le Parc";100;Imbiribeira;"TORRE LIS APT 1203";"";""
"Roval Farma";"ROVAL FRANCHISING LTDA";26.971.386/0001-72;;;19/04/2021;"";ativado;"";;"inajara.serpa@rovalfranchising.com.br";(81) 99164-3206;27/01/2017;53030-010;PE;Olinda;"PRES GETULIO VARGAS";1605;BAIRRO NOVO;"LJ 61";"";"ramazzine@redmedia.com.br"
"ROVAL FARMA B2C JOAO PESSOA";"ROVAL FRANCHISING LTDA";26.971.386/0001-72;;;27/09/2022;"";ativado;"";;"inajara.serpa@rovalfranchising.com.br";(81) 9760-1551;27/01/2017;53030-010;PE;Olinda;"PRES GETULIO VARGAS";1605;BAIRRO NOVO;"LJ 61";"";""
"ROVAL FARMA B2C RECIFE";"ROVAL FRANCHISING LTDA";26.971.386/0001-72;;;27/09/2022;"";ativado;"";;"inajara.serpa@rovalfranchising.com.br";(81) 9760-1551;27/01/2017;53030-010;PE;Olinda;"PRES GETULIO VARGAS";1605;BAIRRO NOVO;"LJ 61";"";""
"Roval Franchising LTDA";"ROVAL FRANCHISING LTDA";26.971.386/0001-72;;;09/03/2021;"";ativado;"";;"inajara.serpa@rovalfranchising.com.br";(81) 99164-3206;27/01/2017;53030-010;PE;Olinda;"Avenida Presidente Getúlio Vargas";1605;Bairro Novo;"LJ 61";"";"ramazzine@redmedia.com.br"
"Roval Pet";"ROVAL FRANCHISING LTDA";26.971.386/0001-72;;;19/04/2021;"";ativado;"";;"inajara.serpa@rovalfranchising.com.br";(81) 99164-3206;27/01/2017;53030-010;PE;Olinda;"Avenida Presidente Getúlio Vargas";1605;Bairro Novo;"LJ 61";"";""
"Salmo Valentim Silva";"";;693.780.374-53;;31/05/2024;"";ativado;"";;"";(81) 99229-4517;;55570-000;PE;Rio Formoso;"Rua Praça Agamenon Magalhães";19;Centro;"";"";"ramazzine@redmedia.com.br"
"SCOPO ENGENHARIA";"SCOPO CONSTRUCOES DE IMOVEIS E INCORPORACOES IMOBILIARIAS LTDA";35.085.055/0001-26;;;11/08/2023;"";ativado;"";;"RAIMUNDO.SOUZA81@YAHOO.COM.BR";(81) 8838-2222;04/10/2019;51021-040;PE;Recife;"ENGENHEIRO DOMINGOS FERREIRA";4060;BOA VIAGEM;"SALA 0906 EDF EMP         BLUE TOWER SALA 905";"";""
"SEBRAE Araripina";"SERVICO DE APOIO AS MICRO E PEQUENAS EMPRESAS DE PE";09.829.524/0005-98;;;27/03/2025;"";ativado;"";;"DEMETRIUSP@PE.SEBRAE.COM.BR";(81) 8225-4109;31/07/1992;56280-000;PE;Araripina;"COELHO RODRIGUES";BR 316;CENTRO;"";"";""
"Sebrae Caruaru";"SERVICO DE APOIO AS MICRO E PEQUENAS EMPRESAS DE PE";09.829.524/0003-26;;;27/03/2025;"";ativado;"";;"GBARBOSA@PE.SEBRAE.COM.BR";(81) 2101-8506;19/08/1982;55024-740;PE;Caruaru;"ADJAIR DA SILVA CASE";277;INDIANOPOLIS;"";"";""
"SEBRAE Garanhus";"SERVICO DE APOIO AS MICRO E PEQUENAS EMPRESAS DE PE";09.829.524/0008-30;;;27/03/2025;"";ativado;"";;"marial@pe.sebrae.com.br";(81) 2101-8491;25/11/1996;55295-530;PE;Garanhuns;"RUI BARBOSA";671;HELIPOLIS;"";"";""
"Sebrae Petrolina";"SERVICO DE APOIO AS MICRO E PEQUENAS EMPRESAS DE PE";09.829.524/0004-07;;;27/03/2025;"";ativado;"";;"DEMETRIUSP@PE.SEBRAE.COM.BR";(81) 8225-4109;19/08/1982;56304-190;PE;Petrolina;"PRESIDENTE TANCREDO NEVES";1079A;CENTRO;"";"";""
"Sebrae Sede";"SERVICO DE APOIO AS MICRO E PEQUENAS EMPRESAS DE PE";09.829.524/0001-64;;;27/03/2025;"";ativado;"";;"";;29/05/1972;50750-230;PE;Recife;"TABAIARES";360;MADALENA;"";"";""
"SEBRAE Serra Talhada";"SERVICO DE APOIO AS MICRO E PEQUENAS EMPRESAS DE PE";09.829.524/0009-11;;;27/03/2025;"";ativado;"";;"DEMETRIUSP@PE.SEBRAE.COM.BR";(81) 8225-4109;25/03/1997;56903-525;PE;Serra Talhada;"ADRIANO DUQUE DE GODOY SOUZA";01;NOSSA SENHORA DA PENHA;"LOJA  006";"";""
"Secom";"";;;;03/11/2025;"";ativado;"";;"";;;;;;"";;;"";"";""
"SECRETARIA DE ESTADO DE COMUNICACAO SOCIAL";"SECRETARIA DE ESTADO DE COMUNICACAO SOCIAL";50.629.390/0001-31;;;12/11/2024;"";ativado;"";;"IZABELA.OLIVEIRA@GOVERNO.MG.GOV.BR";(31) 8734-7816;28/04/2023;31630-903;MG;Belo Horizonte;"PAPA JOAO PAULO II";3777;SERRA VERDE;"EDIF  TIRADENTES";"";""
"SER TANTRA";"S.P.A. RJ MASSAGEM LTDA";21.505.049/0001-76;;;24/05/2022;"";ativado;"";;"PARALEGAL@MISSOES.CNT.BR";(21) 2548-8012;01/12/2014;22050-001;RJ;Rio de Janeiro;"NOSSA SENHORA DE COPACABANA";680;COPACABANA;"SALA: 1111; SALA: E 1112;";"André Martins da Silva";"andremartinsbrpt@hotmail.com"
"SESC";"SERVICO SOCIAL DO COMERCIO SESC";03.482.931/0001-61;;;30/09/2025;"";ativado;"";;"JLEOSCIPIAO@HOTMAIL.COM";(81) 3216-1616;29/10/1999;50050-540;PE;Recife;"VISCONDE DE SUASSUNA";265;SANTO AMARO;"ANDAR I PAVIMENTO         ANDAR III PAVIMENTO       ANDAR IV PAVIMENTO        ANDAR VII PAVIMENTO";"";""
"SICREDI RECIFE";"SICREDI RECIFE - COOPERATIVA DE CREDITO, POUPANCA E INVESTIMENTO SICREDI RECIFE";70.241.658/0001-70;;;23/03/2026;"";ativado;"";;"COOP2203@SICREDI.COM.BR";(81) 2101-6161;20/01/1994;50070-225;PE;Recife;"LINS PETIT";100;PAISSANDU;"LOJA 01 EMP PEDRO         STAMFORD LOJA 01 A        11";"";""
"SonhoBet";"SOLUCOES PROMOCAO DE VENDAS LTDA";32.259.626/0001-03;;;17/11/2022;"cpf: 01864842407
RG: 4488798 ssp
Endereço: av bv 2654 apt 1301
representante legal";ativado;"";;"LEOMADIAS@GMAIL.COM";(81) 9355-0808;14/12/2018;51020-280;PE;Recife;"PADRE CARAPUCEIRO";968;BOA VIAGEM;"SALA 903 EDF EMP          JANETE COSTA";"Leandro Coutinho Maranhao Dias";"leomadias@gmail.com"
"SUPER MARKET";"SAERJ - SUPERMERCADOS ASSOCIADOS DO ESTADO DO RIO DE JANEIRO";10.554.856/0001-62;;;11/11/2023;"";ativado;"";;"SAC@REDESUPERMARKET.COM.BR";(21) 2584-1572;19/12/2008;22775-022;RJ;Rio de Janeiro;"EMBAIXADOR ABELARDO BUENO";00001;JACAREPAGUA;"BLC 01 SAL 401F A 410F";"";""
"Supermix";"ASSOCIACAO PERNAMBUCANA DE ATACADISTAS E DISTRIBUIDORES";08.735.250/0001-81;;;15/08/2022;"";ativado;"";;"amanda@aspa.com.br";(81) 99959-1233;14/11/1983;51011-050;PE;Recife;"DOMINGOS FERREIRA";801;BOA VIAGEM;"SALA 306";"";""
"SUPLEY LABORATORIO";"SUPLEY LABORATORIO DE ALIMENTOS E SUPLEMENTOS NUTRICIONAIS LTDA";07.578.713/0001-86;;;10/05/2024;"";ativado;"";;"MARIANE@SUPLEY.COM.BR";(16) 3506-2045;05/09/2005;15993-200;SP;Matão;"AUGUSTO BAMBOZZI";1890;SETOR INDUSTRIAL;"";"";""
"Tupan Home Center";"Tupan Construções LTDA";00.279.531/0001-65;;;13/04/2021;"";ativado;"";66120756;"tupan@tupan.com.br";(81) 2125-0307;07/11/1994;56903-480;PE;Serra Talhada;"Joca Magalhães";1104;São Cristovão;"";"suzana sefarin";"suzana.serafim@tupan.com.br"
"UFC BRASIL";"ZUFFA EVENTOS ESPORTIVOS BRASIL LTDA.";18.649.446/0001-07;;;28/03/2023;"";ativado;"";143259879110;"RVENEGAS@UFC.COM";(11) 3150-7000;08/08/2013;04538-133;SP;São Paulo;"BRIGADEIRO FARIA LIMA";4221;ITAIM BIBI;"CONJ  51";"";""
"UGO SEMIJOIAS";"DELICARE COMERCIO DE JOIAS LTDA";41.495.828/0001-45;;;18/10/2022;"";ativado;"";163947910;"ugovendajoias@hotmail.com";(83) 8720-7482;08/04/2021;58400-100;PB;Campina Grande;"MACIEL PINHEIRO";170;CENTRO;"LOJA  7";"Ugo Emanuel do Nascimento Torres";"ugovendajoias@hotmail.com"
"VITORIA PARK SHOPPING";"CIL - COMERCIO DE INFORMATICA LTDA";24.073.694/0005-89;;;21/06/2021;"";ativado;"";014630559;"renata.queiroga@gruponagem.com.br";(81) 99206-2421;05/11/2013;60874-400;CE;Fortaleza;"Rua Valdir Dantas";900;Pedras;"13B";"Paulo";"paulo.dantas@vitoriaparkshopping.com.b"
"VITTAME COMERCIO E DISTRIBUIDORA DE SUPLEMENTOS";"VITTAME COMERCIO E DISTRIBUIDORA DE SUPLEMENTOS ALIMENTARES LTDA";54.966.329/0001-30;;;07/07/2025;"";ativado;"";;"CONTATO.LRCONTABIL@UOL.COM.BR";(15) 3231-0158;02/05/2024;18035-370;SP;Sorocaba;"DOUTOR AFONSO VERGUEIRO";1749;CENTRO;"SALA  4";"";""
"Vivescer - Instituto Península";"INSTITUTO PENÍNSULA";44.063.136/0001-16;;;18/11/2021;"";ativado;"";;"financeiro@m2br.com";(21) 98259-2008;;01452-000;SP;São Paulo;"Avenida Brigadeiro Faria Lima";2277;Jardim Paulistano;"ANDAR 22 SALA 4";"bruno.cabral@m2brnet.com";""
"VOLTZ";"VOLTZ MOTORS DO BRASIL COMERCIO DE MOTOCICLETAS LTDA";28.749.702/0001-91;;;15/12/2021;"";ativado;"";0739306079;"RV@P2M.CO";(81) 8825-5595;27/09/2017;51020-031;PE;Recife;"ENGENHEIRO DOMINGOS FERREIRA";2379;BOA VIAGEM;"";"michelle maia";"michelle.maia@voltzmotors.com"
"ZERO OITO UM COMUNICACAO";"ANTONIO AUGUSTO DE BRITO NETO 04183755425";42.297.491/0001-24;;;18/10/2022;"";ativado;"";;"ZEROOITOUM@GMAIL.COM";(81) 9666-1968;11/06/2021;54440-380;PE;Jaboatão dos Guararapes;"ALFREDO REGIS LIMA MOTA";352;CANDEIAS;"APT 101";"tony Fritto";"zerooitoum@gmail.com"
